customer_id,customer_name,segment,region
1,Ava Reyes,Corporate,West
2,Liam Novak,Home Office,East
3,Mia Osei,Consumer,South
4,Noah Kim,Corporate,North
5,Emma Haddad,Home Office,West
6,Ethan Silva,Consumer,East
7,Sofia Ford,Corporate,South
8,Lucas Ono,Home Office,North
9,Isla Patel,Consumer,West
10,Mateo Cruz,Corporate,East
11,Zoe Bauer,Home Office,South
12,Kai Diaz,Consumer,North
13,Nora Mori,Corporate,West
14,Owen Wolfe,Home Office,East
15,Elena Costa,Consumer,South
16,Hugo Ahmed,Corporate,North
17,Ruby Berg,Home Office,West
18,Leo Lund,Consumer,East
19,Aria Romano,Corporate,South
20,Finn Faber,Home Office,North
21,Iris Khan,Consumer,West
22,Milo Vega,Corporate,East
23,Luna Roy,Home Office,South
24,Jack Ellis,Consumer,North
