date_key,full_date,year,quarter,month,month_name,day_of_month,day_of_week,day_name,is_weekend
20240101,2024-01-01,2024,1,1,January,1,1,Monday,0
20240103,2024-01-03,2024,1,1,January,3,3,Wednesday,0
20240104,2024-01-04,2024,1,1,January,4,4,Thursday,0
20240107,2024-01-07,2024,1,1,January,7,7,Sunday,1
20240108,2024-01-08,2024,1,1,January,8,1,Monday,0
20240109,2024-01-09,2024,1,1,January,9,2,Tuesday,0
20240110,2024-01-10,2024,1,1,January,10,3,Wednesday,0
20240111,2024-01-11,2024,1,1,January,11,4,Thursday,0
20240112,2024-01-12,2024,1,1,January,12,5,Friday,0
20240113,2024-01-13,2024,1,1,January,13,6,Saturday,1
20240114,2024-01-14,2024,1,1,January,14,7,Sunday,1
20240115,2024-01-15,2024,1,1,January,15,1,Monday,0
20240117,2024-01-17,2024,1,1,January,17,3,Wednesday,0
20240120,2024-01-20,2024,1,1,January,20,6,Saturday,1
20240121,2024-01-21,2024,1,1,January,21,7,Sunday,1
20240122,2024-01-22,2024,1,1,January,22,1,Monday,0
20240124,2024-01-24,2024,1,1,January,24,3,Wednesday,0
20240125,2024-01-25,2024,1,1,January,25,4,Thursday,0
20240126,2024-01-26,2024,1,1,January,26,5,Friday,0
20240127,2024-01-27,2024,1,1,January,27,6,Saturday,1
20240128,2024-01-28,2024,1,1,January,28,7,Sunday,1
20240130,2024-01-30,2024,1,1,January,30,2,Tuesday,0
20240202,2024-02-02,2024,1,2,February,2,5,Friday,0
20240205,2024-02-05,2024,1,2,February,5,1,Monday,0
20240207,2024-02-07,2024,1,2,February,7,3,Wednesday,0
20240209,2024-02-09,2024,1,2,February,9,5,Friday,0
20240210,2024-02-10,2024,1,2,February,10,6,Saturday,1
20240212,2024-02-12,2024,1,2,February,12,1,Monday,0
20240214,2024-02-14,2024,1,2,February,14,3,Wednesday,0
20240215,2024-02-15,2024,1,2,February,15,4,Thursday,0
20240216,2024-02-16,2024,1,2,February,16,5,Friday,0
20240217,2024-02-17,2024,1,2,February,17,6,Saturday,1
20240218,2024-02-18,2024,1,2,February,18,7,Sunday,1
20240219,2024-02-19,2024,1,2,February,19,1,Monday,0
20240221,2024-02-21,2024,1,2,February,21,3,Wednesday,0
20240222,2024-02-22,2024,1,2,February,22,4,Thursday,0
20240223,2024-02-23,2024,1,2,February,23,5,Friday,0
20240226,2024-02-26,2024,1,2,February,26,1,Monday,0
20240227,2024-02-27,2024,1,2,February,27,2,Tuesday,0
20240228,2024-02-28,2024,1,2,February,28,3,Wednesday,0
20240229,2024-02-29,2024,1,2,February,29,4,Thursday,0
20240303,2024-03-03,2024,1,3,March,3,7,Sunday,1
20240306,2024-03-06,2024,1,3,March,6,3,Wednesday,0
20240307,2024-03-07,2024,1,3,March,7,4,Thursday,0
20240310,2024-03-10,2024,1,3,March,10,7,Sunday,1
20240311,2024-03-11,2024,1,3,March,11,1,Monday,0
20240312,2024-03-12,2024,1,3,March,12,2,Tuesday,0
20240313,2024-03-13,2024,1,3,March,13,3,Wednesday,0
20240316,2024-03-16,2024,1,3,March,16,6,Saturday,1
20240317,2024-03-17,2024,1,3,March,17,7,Sunday,1
20240319,2024-03-19,2024,1,3,March,19,2,Tuesday,0
20240321,2024-03-21,2024,1,3,March,21,4,Thursday,0
20240322,2024-03-22,2024,1,3,March,22,5,Friday,0
20240324,2024-03-24,2024,1,3,March,24,7,Sunday,1
20240325,2024-03-25,2024,1,3,March,25,1,Monday,0
20240326,2024-03-26,2024,1,3,March,26,2,Tuesday,0
20240327,2024-03-27,2024,1,3,March,27,3,Wednesday,0
20240329,2024-03-29,2024,1,3,March,29,5,Friday,0
20240330,2024-03-30,2024,1,3,March,30,6,Saturday,1
20240331,2024-03-31,2024,1,3,March,31,7,Sunday,1
20240401,2024-04-01,2024,2,4,April,1,1,Monday,0
20240402,2024-04-02,2024,2,4,April,2,2,Tuesday,0
20240403,2024-04-03,2024,2,4,April,3,3,Wednesday,0
20240404,2024-04-04,2024,2,4,April,4,4,Thursday,0
20240405,2024-04-05,2024,2,4,April,5,5,Friday,0
20240406,2024-04-06,2024,2,4,April,6,6,Saturday,1
20240407,2024-04-07,2024,2,4,April,7,7,Sunday,1
20240408,2024-04-08,2024,2,4,April,8,1,Monday,0
20240410,2024-04-10,2024,2,4,April,10,3,Wednesday,0
20240411,2024-04-11,2024,2,4,April,11,4,Thursday,0
20240412,2024-04-12,2024,2,4,April,12,5,Friday,0
20240413,2024-04-13,2024,2,4,April,13,6,Saturday,1
20240414,2024-04-14,2024,2,4,April,14,7,Sunday,1
20240415,2024-04-15,2024,2,4,April,15,1,Monday,0
20240416,2024-04-16,2024,2,4,April,16,2,Tuesday,0
20240417,2024-04-17,2024,2,4,April,17,3,Wednesday,0
20240418,2024-04-18,2024,2,4,April,18,4,Thursday,0
20240419,2024-04-19,2024,2,4,April,19,5,Friday,0
20240420,2024-04-20,2024,2,4,April,20,6,Saturday,1
20240421,2024-04-21,2024,2,4,April,21,7,Sunday,1
20240422,2024-04-22,2024,2,4,April,22,1,Monday,0
20240423,2024-04-23,2024,2,4,April,23,2,Tuesday,0
20240424,2024-04-24,2024,2,4,April,24,3,Wednesday,0
20240425,2024-04-25,2024,2,4,April,25,4,Thursday,0
20240426,2024-04-26,2024,2,4,April,26,5,Friday,0
20240427,2024-04-27,2024,2,4,April,27,6,Saturday,1
20240428,2024-04-28,2024,2,4,April,28,7,Sunday,1
20240429,2024-04-29,2024,2,4,April,29,1,Monday,0
20240501,2024-05-01,2024,2,5,May,1,3,Wednesday,0
20240502,2024-05-02,2024,2,5,May,2,4,Thursday,0
20240503,2024-05-03,2024,2,5,May,3,5,Friday,0
20240504,2024-05-04,2024,2,5,May,4,6,Saturday,1
20240505,2024-05-05,2024,2,5,May,5,7,Sunday,1
20240507,2024-05-07,2024,2,5,May,7,2,Tuesday,0
20240508,2024-05-08,2024,2,5,May,8,3,Wednesday,0
20240509,2024-05-09,2024,2,5,May,9,4,Thursday,0
20240510,2024-05-10,2024,2,5,May,10,5,Friday,0
20240511,2024-05-11,2024,2,5,May,11,6,Saturday,1
20240512,2024-05-12,2024,2,5,May,12,7,Sunday,1
20240513,2024-05-13,2024,2,5,May,13,1,Monday,0
20240514,2024-05-14,2024,2,5,May,14,2,Tuesday,0
20240518,2024-05-18,2024,2,5,May,18,6,Saturday,1
20240519,2024-05-19,2024,2,5,May,19,7,Sunday,1
20240520,2024-05-20,2024,2,5,May,20,1,Monday,0
20240521,2024-05-21,2024,2,5,May,21,2,Tuesday,0
20240522,2024-05-22,2024,2,5,May,22,3,Wednesday,0
20240523,2024-05-23,2024,2,5,May,23,4,Thursday,0
20240524,2024-05-24,2024,2,5,May,24,5,Friday,0
20240525,2024-05-25,2024,2,5,May,25,6,Saturday,1
20240526,2024-05-26,2024,2,5,May,26,7,Sunday,1
20240527,2024-05-27,2024,2,5,May,27,1,Monday,0
20240528,2024-05-28,2024,2,5,May,28,2,Tuesday,0
20240529,2024-05-29,2024,2,5,May,29,3,Wednesday,0
20240530,2024-05-30,2024,2,5,May,30,4,Thursday,0
20240531,2024-05-31,2024,2,5,May,31,5,Friday,0
20240601,2024-06-01,2024,2,6,June,1,6,Saturday,1
20240602,2024-06-02,2024,2,6,June,2,7,Sunday,1
20240603,2024-06-03,2024,2,6,June,3,1,Monday,0
20240604,2024-06-04,2024,2,6,June,4,2,Tuesday,0
20240606,2024-06-06,2024,2,6,June,6,4,Thursday,0
20240607,2024-06-07,2024,2,6,June,7,5,Friday,0
20240608,2024-06-08,2024,2,6,June,8,6,Saturday,1
20240609,2024-06-09,2024,2,6,June,9,7,Sunday,1
20240610,2024-06-10,2024,2,6,June,10,1,Monday,0
20240611,2024-06-11,2024,2,6,June,11,2,Tuesday,0
20240612,2024-06-12,2024,2,6,June,12,3,Wednesday,0
20240613,2024-06-13,2024,2,6,June,13,4,Thursday,0
20240614,2024-06-14,2024,2,6,June,14,5,Friday,0
20240615,2024-06-15,2024,2,6,June,15,6,Saturday,1
20240616,2024-06-16,2024,2,6,June,16,7,Sunday,1
20240617,2024-06-17,2024,2,6,June,17,1,Monday,0
20240618,2024-06-18,2024,2,6,June,18,2,Tuesday,0
20240619,2024-06-19,2024,2,6,June,19,3,Wednesday,0
20240620,2024-06-20,2024,2,6,June,20,4,Thursday,0
20240622,2024-06-22,2024,2,6,June,22,6,Saturday,1
20240623,2024-06-23,2024,2,6,June,23,7,Sunday,1
20240624,2024-06-24,2024,2,6,June,24,1,Monday,0
20240625,2024-06-25,2024,2,6,June,25,2,Tuesday,0
20240626,2024-06-26,2024,2,6,June,26,3,Wednesday,0
20240627,2024-06-27,2024,2,6,June,27,4,Thursday,0
20240628,2024-06-28,2024,2,6,June,28,5,Friday,0
20240629,2024-06-29,2024,2,6,June,29,6,Saturday,1
20240630,2024-06-30,2024,2,6,June,30,7,Sunday,1
