order_item_id,order_id,date_key,customer_id,product_id,quantity,unit_price,discount_pct,line_revenue
1,1,20240101,9,2,1,59.99,0.10,53.99
2,2,20240103,8,1,2,89.99,0.00,179.98
3,2,20240103,8,4,1,149.99,0.00,149.99
4,3,20240103,1,3,1,199.99,0.00,199.99
5,3,20240103,1,7,3,39.99,0.00,119.97
6,4,20240104,12,13,2,9.49,0.20,15.18
7,4,20240104,12,12,1,54.99,0.00,54.99
8,5,20240107,8,15,3,7.99,0.00,23.97
9,5,20240107,8,14,1,12.99,0.15,11.04
10,6,20240108,22,14,2,12.99,0.00,25.98
11,7,20240109,6,5,4,34.99,0.00,139.96
12,8,20240110,2,1,1,89.99,0.00,89.99
13,9,20240111,23,11,1,19.99,0.15,16.99
14,10,20240112,8,9,1,79.99,0.00,79.99
15,10,20240112,8,12,1,54.99,0.20,43.99
16,11,20240113,2,3,2,199.99,0.00,399.98
17,11,20240113,2,11,2,19.99,0.00,39.98
18,12,20240114,1,2,3,59.99,0.10,161.97
19,12,20240114,1,14,1,12.99,0.00,12.99
20,13,20240115,24,5,3,34.99,0.15,89.22
21,13,20240115,24,9,1,79.99,0.00,79.99
22,13,20240115,24,3,2,199.99,0.00,399.98
23,14,20240115,6,13,1,9.49,0.00,9.49
24,14,20240115,6,9,1,79.99,0.20,63.99
25,15,20240117,19,1,3,89.99,0.10,242.97
26,15,20240117,19,9,1,79.99,0.00,79.99
27,16,20240117,18,9,2,79.99,0.20,127.98
28,17,20240120,12,9,1,79.99,0.00,79.99
29,18,20240121,8,1,1,89.99,0.00,89.99
30,18,20240121,8,11,1,19.99,0.00,19.99
31,19,20240122,16,2,4,59.99,0.00,239.96
32,20,20240124,4,6,3,24.99,0.00,74.97
33,20,20240124,4,7,2,39.99,0.00,79.98
34,21,20240125,4,4,1,149.99,0.00,149.99
35,22,20240126,3,14,2,12.99,0.00,25.98
36,23,20240126,18,15,1,7.99,0.00,7.99
37,23,20240126,18,14,1,12.99,0.00,12.99
38,24,20240127,13,13,1,9.49,0.00,9.49
39,25,20240127,24,9,1,79.99,0.20,63.99
40,25,20240127,24,12,2,54.99,0.00,109.98
41,25,20240127,24,3,2,199.99,0.00,399.98
42,26,20240128,17,15,1,7.99,0.00,7.99
43,27,20240130,19,10,2,69.99,0.00,139.98
44,28,20240130,19,6,2,24.99,0.00,49.98
45,28,20240130,19,5,1,34.99,0.00,34.99
46,29,20240202,19,1,4,89.99,0.15,305.97
47,29,20240202,19,4,3,149.99,0.00,449.97
48,29,20240202,19,5,1,34.99,0.15,29.74
49,30,20240205,10,2,3,59.99,0.10,161.97
50,30,20240205,10,14,1,12.99,0.00,12.99
51,30,20240205,10,5,1,34.99,0.00,34.99
52,31,20240207,2,7,1,39.99,0.00,39.99
53,32,20240209,18,9,4,79.99,0.00,319.96
54,32,20240209,18,2,1,59.99,0.00,59.99
55,33,20240210,14,6,3,24.99,0.10,67.47
56,34,20240212,4,9,3,79.99,0.20,191.98
57,35,20240212,24,14,3,12.99,0.20,31.18
58,36,20240214,11,7,2,39.99,0.00,79.98
59,36,20240214,11,11,1,19.99,0.10,17.99
60,37,20240215,16,13,1,9.49,0.00,9.49
61,38,20240215,8,11,1,19.99,0.00,19.99
62,39,20240216,12,7,2,39.99,0.20,63.98
63,39,20240216,12,15,1,7.99,0.20,6.39
64,40,20240217,9,10,1,69.99,0.10,62.99
65,41,20240218,4,10,1,69.99,0.10,62.99
66,42,20240219,18,15,1,7.99,0.00,7.99
67,42,20240219,18,12,4,54.99,0.20,175.97
68,43,20240221,17,7,1,39.99,0.00,39.99
69,44,20240222,13,14,1,12.99,0.00,12.99
70,44,20240222,13,10,1,69.99,0.00,69.99
71,45,20240223,21,8,2,16.99,0.00,33.98
72,46,20240226,20,13,3,9.49,0.00,28.47
73,47,20240227,1,15,2,7.99,0.10,14.38
74,48,20240227,15,11,1,19.99,0.00,19.99
75,49,20240228,21,14,3,12.99,0.10,35.07
76,50,20240229,23,1,3,89.99,0.00,269.97
77,50,20240229,23,4,3,149.99,0.00,449.97
78,51,20240303,17,14,1,12.99,0.00,12.99
79,52,20240306,16,5,1,34.99,0.00,34.99
80,52,20240306,16,1,1,89.99,0.00,89.99
81,53,20240307,23,4,1,149.99,0.00,149.99
82,54,20240307,15,4,1,149.99,0.15,127.49
83,55,20240310,12,7,3,39.99,0.15,101.97
84,56,20240310,18,9,1,79.99,0.00,79.99
85,56,20240310,18,10,1,69.99,0.00,69.99
86,57,20240311,13,13,4,9.49,0.00,37.96
87,57,20240311,13,14,3,12.99,0.00,38.97
88,58,20240312,14,8,1,16.99,0.00,16.99
89,59,20240313,13,15,1,7.99,0.15,6.79
90,60,20240313,16,9,4,79.99,0.00,319.96
91,61,20240316,1,4,1,149.99,0.20,119.99
92,61,20240316,1,8,1,16.99,0.00,16.99
93,62,20240317,24,13,1,9.49,0.00,9.49
94,62,20240317,24,3,4,199.99,0.00,799.96
95,63,20240319,19,11,3,19.99,0.15,50.97
96,63,20240319,19,2,2,59.99,0.00,119.98
97,64,20240321,12,11,1,19.99,0.00,19.99
98,65,20240322,12,13,1,9.49,0.10,8.54
99,65,20240322,12,11,4,19.99,0.00,79.96
100,66,20240324,24,6,4,24.99,0.00,99.96
101,66,20240324,24,4,1,149.99,0.10,134.99
102,67,20240324,19,6,3,24.99,0.00,74.97
103,67,20240324,19,1,1,89.99,0.10,80.99
104,68,20240325,23,9,1,79.99,0.00,79.99
105,68,20240325,23,4,2,149.99,0.00,299.98
106,69,20240326,15,2,2,59.99,0.00,119.98
107,69,20240326,15,4,2,149.99,0.00,299.98
108,70,20240327,24,6,1,24.99,0.00,24.99
109,70,20240327,24,8,2,16.99,0.00,33.98
110,71,20240329,24,12,4,54.99,0.00,219.96
111,72,20240330,7,6,1,24.99,0.10,22.49
112,73,20240330,5,15,2,7.99,0.00,15.98
113,74,20240331,16,1,1,89.99,0.00,89.99
114,75,20240401,9,8,1,16.99,0.00,16.99
115,75,20240401,9,13,1,9.49,0.00,9.49
116,75,20240401,9,7,2,39.99,0.00,79.98
117,76,20240402,14,13,2,9.49,0.00,18.98
118,76,20240402,14,4,1,149.99,0.15,127.49
119,77,20240403,20,15,1,7.99,0.10,7.19
120,78,20240404,3,3,1,199.99,0.00,199.99
121,79,20240405,10,5,1,34.99,0.15,29.74
122,80,20240406,9,11,4,19.99,0.00,79.96
123,81,20240406,18,2,1,59.99,0.00,59.99
124,82,20240407,20,10,1,69.99,0.00,69.99
125,82,20240407,20,5,2,34.99,0.20,55.98
126,83,20240408,3,14,2,12.99,0.00,25.98
127,83,20240408,3,12,1,54.99,0.00,54.99
128,84,20240410,9,12,2,54.99,0.00,109.98
129,84,20240410,9,3,1,199.99,0.20,159.99
130,85,20240411,3,7,1,39.99,0.00,39.99
131,86,20240412,16,15,3,7.99,0.00,23.97
132,87,20240413,11,12,3,54.99,0.15,140.22
133,88,20240413,1,9,1,79.99,0.00,79.99
134,88,20240413,1,7,3,39.99,0.00,119.97
135,89,20240414,18,5,3,34.99,0.00,104.97
136,90,20240414,1,10,2,69.99,0.00,139.98
137,90,20240414,1,4,1,149.99,0.20,119.99
138,90,20240414,1,3,3,199.99,0.00,599.97
139,91,20240415,16,5,1,34.99,0.00,34.99
140,91,20240415,16,11,1,19.99,0.00,19.99
141,91,20240415,16,7,1,39.99,0.00,39.99
142,92,20240416,3,13,1,9.49,0.20,7.59
143,93,20240417,10,13,2,9.49,0.15,16.13
144,93,20240417,10,10,1,69.99,0.00,69.99
145,94,20240418,13,6,1,24.99,0.00,24.99
146,95,20240419,14,12,2,54.99,0.10,98.98
147,96,20240419,13,13,4,9.49,0.00,37.96
148,96,20240419,13,11,4,19.99,0.00,79.96
149,96,20240419,13,3,1,199.99,0.15,169.99
150,97,20240420,1,7,1,39.99,0.00,39.99
151,97,20240420,1,11,4,19.99,0.00,79.96
152,98,20240421,11,14,2,12.99,0.10,23.38
153,98,20240421,11,6,3,24.99,0.00,74.97
154,99,20240422,10,12,2,54.99,0.15,93.48
155,99,20240422,10,8,1,16.99,0.00,16.99
156,99,20240422,10,2,3,59.99,0.00,179.97
157,100,20240423,12,4,1,149.99,0.00,149.99
158,101,20240424,20,11,1,19.99,0.00,19.99
159,101,20240424,20,4,1,149.99,0.00,149.99
160,101,20240424,20,14,1,12.99,0.10,11.69
161,102,20240424,10,3,1,199.99,0.00,199.99
162,102,20240424,10,8,2,16.99,0.00,33.98
163,103,20240425,7,14,1,12.99,0.00,12.99
164,103,20240425,7,2,2,59.99,0.00,119.98
165,103,20240425,7,6,3,24.99,0.00,74.97
166,104,20240426,24,14,3,12.99,0.10,35.07
167,104,20240426,24,12,1,54.99,0.10,49.49
168,104,20240426,24,13,1,9.49,0.00,9.49
169,105,20240427,22,2,2,59.99,0.00,119.98
170,106,20240428,12,1,2,89.99,0.00,179.98
171,106,20240428,12,5,1,34.99,0.00,34.99
172,107,20240428,12,14,1,12.99,0.15,11.04
173,107,20240428,12,13,1,9.49,0.10,8.54
174,108,20240429,4,1,3,89.99,0.00,269.97
175,109,20240501,18,13,1,9.49,0.00,9.49
176,110,20240502,22,6,2,24.99,0.00,49.98
177,111,20240503,20,9,1,79.99,0.15,67.99
178,111,20240503,20,14,3,12.99,0.00,38.97
179,111,20240503,20,4,1,149.99,0.00,149.99
180,112,20240504,16,4,2,149.99,0.00,299.98
181,113,20240504,12,12,1,54.99,0.10,49.49
182,113,20240504,12,15,1,7.99,0.00,7.99
183,114,20240505,14,5,1,34.99,0.00,34.99
184,114,20240505,14,11,1,19.99,0.20,15.99
185,114,20240505,14,4,1,149.99,0.15,127.49
186,115,20240505,21,7,1,39.99,0.00,39.99
187,116,20240507,20,1,3,89.99,0.00,269.97
188,116,20240507,20,6,3,24.99,0.00,74.97
189,116,20240507,20,15,2,7.99,0.10,14.38
190,117,20240508,20,14,1,12.99,0.00,12.99
191,118,20240509,22,2,2,59.99,0.00,119.98
192,118,20240509,22,6,1,24.99,0.00,24.99
193,118,20240509,22,13,1,9.49,0.00,9.49
194,119,20240509,3,13,2,9.49,0.00,18.98
195,120,20240510,2,14,1,12.99,0.00,12.99
196,120,20240510,2,11,1,19.99,0.20,15.99
197,121,20240511,4,14,1,12.99,0.00,12.99
198,122,20240511,20,2,2,59.99,0.00,119.98
199,123,20240512,20,8,1,16.99,0.10,15.29
200,123,20240512,20,10,3,69.99,0.00,209.97
201,124,20240512,18,4,1,149.99,0.00,149.99
202,124,20240512,18,8,1,16.99,0.00,16.99
203,125,20240513,22,15,2,7.99,0.00,15.98
204,126,20240513,3,2,3,59.99,0.00,179.97
205,126,20240513,3,12,2,54.99,0.00,109.98
206,127,20240514,12,15,1,7.99,0.00,7.99
207,127,20240514,12,7,1,39.99,0.00,39.99
208,127,20240514,12,14,2,12.99,0.00,25.98
209,128,20240514,16,2,3,59.99,0.00,179.97
210,129,20240518,1,11,1,19.99,0.00,19.99
211,130,20240519,12,14,2,12.99,0.00,25.98
212,131,20240520,1,9,1,79.99,0.00,79.99
213,132,20240521,11,10,1,69.99,0.00,69.99
214,132,20240521,11,1,2,89.99,0.00,179.98
215,133,20240521,9,7,2,39.99,0.00,79.98
216,134,20240522,12,5,2,34.99,0.00,69.98
217,135,20240523,13,1,3,89.99,0.10,242.97
218,135,20240523,13,4,1,149.99,0.00,149.99
219,135,20240523,13,15,1,7.99,0.00,7.99
220,136,20240523,5,11,2,19.99,0.15,33.98
221,137,20240524,24,1,4,89.99,0.15,305.97
222,138,20240525,23,5,4,34.99,0.00,139.96
223,138,20240525,23,7,4,39.99,0.00,159.96
224,139,20240525,23,1,2,89.99,0.00,179.98
225,139,20240525,23,13,1,9.49,0.00,9.49
226,139,20240525,23,4,1,149.99,0.00,149.99
227,140,20240526,4,4,1,149.99,0.20,119.99
228,140,20240526,4,12,2,54.99,0.00,109.98
229,141,20240526,4,4,2,149.99,0.10,269.98
230,142,20240527,21,12,3,54.99,0.00,164.97
231,143,20240527,19,15,4,7.99,0.00,31.96
232,143,20240527,19,6,1,24.99,0.00,24.99
233,144,20240528,19,9,1,79.99,0.00,79.99
234,145,20240529,3,15,2,7.99,0.00,15.98
235,145,20240529,3,1,2,89.99,0.20,143.98
236,146,20240530,19,6,1,24.99,0.00,24.99
237,146,20240530,19,8,1,16.99,0.15,14.44
238,147,20240531,17,1,4,89.99,0.00,359.96
239,147,20240531,17,11,2,19.99,0.00,39.98
240,148,20240601,11,1,1,89.99,0.00,89.99
241,148,20240601,11,11,2,19.99,0.00,39.98
242,149,20240601,9,11,3,19.99,0.00,59.97
243,149,20240601,9,14,2,12.99,0.00,25.98
244,150,20240602,23,2,1,59.99,0.00,59.99
245,150,20240602,23,11,2,19.99,0.00,39.98
246,151,20240603,24,14,2,12.99,0.00,25.98
247,151,20240603,24,2,1,59.99,0.20,47.99
248,151,20240603,24,11,1,19.99,0.10,17.99
249,152,20240604,5,13,1,9.49,0.10,8.54
250,153,20240606,20,6,1,24.99,0.15,21.24
251,154,20240606,20,3,2,199.99,0.00,399.98
252,154,20240606,20,8,1,16.99,0.00,16.99
253,154,20240606,20,7,2,39.99,0.00,79.98
254,155,20240607,16,4,1,149.99,0.10,134.99
255,155,20240607,16,11,3,19.99,0.00,59.97
256,155,20240607,16,10,1,69.99,0.00,69.99
257,156,20240607,7,2,3,59.99,0.00,179.97
258,156,20240607,7,4,1,149.99,0.15,127.49
259,156,20240607,7,11,3,19.99,0.00,59.97
260,157,20240608,17,8,4,16.99,0.00,67.96
261,158,20240608,15,14,1,12.99,0.00,12.99
262,158,20240608,15,7,1,39.99,0.00,39.99
263,159,20240609,23,13,1,9.49,0.15,8.07
264,159,20240609,23,2,2,59.99,0.00,119.98
265,160,20240609,23,10,3,69.99,0.00,209.97
266,161,20240610,24,7,1,39.99,0.00,39.99
267,161,20240610,24,12,1,54.99,0.00,54.99
268,162,20240610,20,2,3,59.99,0.00,179.97
269,163,20240611,8,5,1,34.99,0.00,34.99
270,163,20240611,8,1,1,89.99,0.00,89.99
271,164,20240612,17,13,1,9.49,0.15,8.07
272,164,20240612,17,9,1,79.99,0.00,79.99
273,165,20240612,12,1,3,89.99,0.00,269.97
274,166,20240613,19,6,2,24.99,0.10,44.98
275,166,20240613,19,1,1,89.99,0.10,80.99
276,167,20240614,21,2,2,59.99,0.20,95.98
277,168,20240615,7,6,3,24.99,0.00,74.97
278,168,20240615,7,7,1,39.99,0.00,39.99
279,169,20240615,10,13,3,9.49,0.00,28.47
280,170,20240616,13,14,4,12.99,0.00,51.96
281,170,20240616,13,7,1,39.99,0.20,31.99
282,171,20240616,17,1,1,89.99,0.00,89.99
283,172,20240617,10,1,2,89.99,0.00,179.98
284,173,20240618,23,8,2,16.99,0.15,28.88
285,174,20240618,20,5,1,34.99,0.00,34.99
286,174,20240618,20,15,1,7.99,0.10,7.19
287,175,20240619,5,11,1,19.99,0.00,19.99
288,175,20240619,5,8,1,16.99,0.20,13.59
289,175,20240619,5,2,1,59.99,0.00,59.99
290,176,20240620,15,10,1,69.99,0.00,69.99
291,176,20240620,15,9,1,79.99,0.00,79.99
292,177,20240620,24,9,3,79.99,0.00,239.97
293,178,20240622,23,9,1,79.99,0.15,67.99
294,178,20240622,23,2,1,59.99,0.00,59.99
295,178,20240622,23,14,2,12.99,0.15,22.08
296,179,20240622,11,11,1,19.99,0.00,19.99
297,179,20240622,11,9,1,79.99,0.10,71.99
298,180,20240623,12,2,1,59.99,0.10,53.99
299,180,20240623,12,4,1,149.99,0.00,149.99
300,181,20240623,12,15,1,7.99,0.15,6.79
301,182,20240624,23,9,3,79.99,0.00,239.97
302,182,20240624,23,12,4,54.99,0.00,219.96
303,183,20240624,15,9,1,79.99,0.15,67.99
304,184,20240625,5,14,1,12.99,0.00,12.99
305,185,20240626,11,4,1,149.99,0.00,149.99
306,185,20240626,11,15,1,7.99,0.20,6.39
307,185,20240626,11,9,1,79.99,0.00,79.99
308,186,20240626,20,9,4,79.99,0.00,319.96
309,186,20240626,20,3,2,199.99,0.10,359.98
310,187,20240627,19,14,1,12.99,0.20,10.39
311,188,20240628,7,7,1,39.99,0.00,39.99
312,188,20240628,7,11,1,19.99,0.20,15.99
313,189,20240629,22,8,2,16.99,0.00,33.98
314,190,20240630,11,6,2,24.99,0.15,42.48
315,190,20240630,11,12,4,54.99,0.00,219.96
316,191,20240630,12,2,1,59.99,0.00,59.99
317,191,20240630,12,4,1,149.99,0.00,149.99
